Workbook

Sheet Assumptions
A1: PwC Aviation Synergy Model – Assumptions (all values in $m)
A2: Source: Supervisor email / Joe conversation notes | Blue = hardcoded input | Yellow = changeable assumption
A4: Item | B4: Conservative | C4: Midpoint | D4: Aggressive | E4: Notes
A5: CLIENT DATA (FY21 Actuals, $m)
A6: Revenue | B6: 100 | C6: =B6 -> 100 | D6: =B6 -> 100 | E6: Source: Supervisor email, client data
A7: Aircraft Lease | B7: 20 | C7: =B7 -> 20 | D7: =B7 -> 20 | E7: Source: Supervisor email, client data
A8: Fuel | B8: 25 | C8: =B8 -> 25 | D8: =B8 -> 25 | E8: Source: Supervisor email, client data
A9: Maintenance | B9: 10 | C9: =B9 -> 10 | D9: =B9 -> 10 | E9: Source: Supervisor email, client data
A10: Software | B10: 5 | C10: =B10 -> 5 | D10: =B10 -> 5 | E10: Source: Supervisor email, client data
A11: G&A (Back Office) | B11: 10 | C11: =B11 -> 10 | D11: =B11 -> 10 | E11: Source: Supervisor email, client data
A12: Other Cost | B12: 25 | C12: =B12 -> 25 | D12: =B12 -> 25 | E12: Source: Supervisor email, client data
A13: EBIT | B13: 5 | C13: =B13 -> 5 | D13: =B13 -> 5 | E13: Source: Supervisor email, client data
A14: Total Costs | B14: =B7+B8+B9+B10+B11+B12 -> 95 | C14: =C7+C8+C9+C10+C11+C12 -> 95 | D14: =D7+D8+D9+D10+D11+D12 -> 95 | E14: Sum of cost lines (excl. EBIT)
A16: SYNERGY ASSUMPTIONS (% of relevant line)
A17: Synergy Driver | B17: Conservative | C17: Midpoint | D17: Aggressive | E17: Notes
A18: Revenue Uplift | B18: 0.05 | C18: 0.075 | D18: 0.1 | E18: 5–10% of Revenue (Joe notes)
A19: G&A Back-Office Savings | B19: 0.1 | C19: 0.175 | D19: 0.25 | E19: 10–25% of G&A (Joe notes)
A20: Fuel Cost Savings | B20: 0.05 | C20: 0.065 | D20: 0.08 | E20: 5–8% of Fuel (Joe notes)
A21: Maintenance Savings | B21: 0.1 | C21: 0.11 | D21: 0.12 | E21: 10–12% of Maintenance (Joe notes)
A22: Software Savings | B22: 0.1 | C22: 0.15 | D22: 0.2 | E22: 10–20% of Software (Joe notes)
A23: Aircraft Lease Savings | B23: 0.06 | C23: 0.07 | D23: 0.08 | E23: 6–8% of Aircraft Lease (Joe notes)

Sheet Synergy Model
A1: PwC Aviation Synergy Model – Synergy Calculations (all values $m)
A2: Blue=Input | Black=Formula | Yellow=Key Assumption | All values in $m
B4: Conservative | C4: Midpoint | D4: Aggressive
A5: A. BASE FINANCIALS ($m)
A6: Revenue | B6: =Assumptions!B6 -> 100 | C6: =Assumptions!C6 -> 100 | D6: =Assumptions!D6 -> 100
A7: Aircraft Lease | B7: =Assumptions!B7 -> 20 | C7: =Assumptions!C7 -> 20 | D7: =Assumptions!D7 -> 20
A8: Fuel | B8: =Assumptions!B8 -> 25 | C8: =Assumptions!C8 -> 25 | D8: =Assumptions!D8 -> 25
A9: Maintenance | B9: =Assumptions!B9 -> 10 | C9: =Assumptions!C9 -> 10 | D9: =Assumptions!D9 -> 10
A10: Software | B10: =Assumptions!B10 -> 5 | C10: =Assumptions!C10 -> 5 | D10: =Assumptions!D10 -> 5
A11: G&A (Back Office) | B11: =Assumptions!B11 -> 10 | C11: =Assumptions!C11 -> 10 | D11: =Assumptions!D11 -> 10
A12: EBIT | B12: =Assumptions!B13 -> 5 | C12: =Assumptions!C13 -> 5 | D12: =Assumptions!D13 -> 5
A14: B. REVENUE SYNERGIES ($m)
A15: Revenue Uplift | B15: =B6*Assumptions!B18 -> 5 | C15: =C6*Assumptions!C18 -> 7.5 | D15: =D6*Assumptions!D18 -> 10
A16: Total Revenue Synergies | B16: =B15 -> 5 | C16: =C15 -> 7.5 | D16: =D15 -> 10
A18: C. COST SYNERGIES ($m)
A19: G&A / Back-Office Savings | B19: =B11*Assumptions!B19 -> 1 | C19: =C11*Assumptions!C19 -> 1.75 | D19: =D11*Assumptions!D19 -> 2.5
A20: Fuel Cost Savings | B20: =B8*Assumptions!B20 -> 1.25 | C20: =C8*Assumptions!C20 -> 1.625 | D20: =D8*Assumptions!D20 -> 2
A21: Maintenance Savings | B21: =B9*Assumptions!B21 -> 1 | C21: =C9*Assumptions!C21 -> 1.1 | D21: =D9*Assumptions!D21 -> 1.2
A22: Software / License Savings | B22: =B10*Assumptions!B22 -> 0.5 | C22: =C10*Assumptions!C22 -> 0.75 | D22: =D10*Assumptions!D22 -> 1
A23: Aircraft Lease Savings | B23: =B7*Assumptions!B23 -> 1.2 | C23: =C7*Assumptions!C23 -> 1.4 | D23: =D7*Assumptions!D23 -> 1.6
A24: Total Cost Synergies | B24: =SUM(B19:B23) -> 4.95 | C24: =SUM(C19:C23) -> 6.625 | D24: =SUM(D19:D23) -> 8.3
A26: D. TOTAL SYNERGY SUMMARY ($m)
A27: Total Synergies (Revenue + Cost) | B27: =B16+B24 -> 9.95 | C27: =C16+C24 -> 14.125 | D27: =D16+D24 -> 18.3
A28: Pro-Forma EBIT (post-synergies) | B28: =B12+B27 -> 14.95 | C28: =C12+C27 -> 19.125 | D28: =D12+D27 -> 23.3
A29: Total Synergies as % of Revenue | B29: =B27/B6 -> 0.0995 | C29: =C27/C6 -> 0.14125 | D29: =D27/D6 -> 0.183

Sheet Summary
A1: PwC Aviation Synergy Model – Summary Dashboard (all values $m)
A3: Metric | B3: Conservative | C3: Midpoint | D3: Aggressive
A4: Base Revenue ($m) | B4: ='Synergy Model'!B6 -> 100 | C4: ='Synergy Model'!C6 -> 100 | D4: ='Synergy Model'!D6 -> 100
A5: Base EBIT ($m) | B5: ='Synergy Model'!B12 -> 5 | C5: ='Synergy Model'!C12 -> 5 | D5: ='Synergy Model'!D12 -> 5
A6: Total Revenue Synergies ($m) | B6: ='Synergy Model'!B16 -> 5 | C6: ='Synergy Model'!C16 -> 7.5 | D6: ='Synergy Model'!D16 -> 10
A7: Total Cost Synergies ($m) | B7: ='Synergy Model'!B24 -> 4.95 | C7: ='Synergy Model'!C24 -> 6.625 | D7: ='Synergy Model'!D24 -> 8.3
A8: TOTAL SYNERGIES ($m) | B8: ='Synergy Model'!B27 -> 9.95 | C8: ='Synergy Model'!C27 -> 14.125 | D8: ='Synergy Model'!D27 -> 18.3
A9: Pro-Forma EBIT ($m) | B9: ='Synergy Model'!B28 -> 14.95 | C9: ='Synergy Model'!C28 -> 19.125 | D9: ='Synergy Model'!D28 -> 23.3
A10: Synergies as % of Revenue | B10: ='Synergy Model'!B29 -> 0.0995 | C10: ='Synergy Model'!C29 -> 0.14125 | D10: ='Synergy Model'!D29 -> 0.183
